brand,link,count
NICKA K,https://shop.shajgoj.com/brand/nicka-k,376
The Body Shop,https://shop.shajgoj.com/brand/the-body-shop,315
Flormar,https://shop.shajgoj.com/brand/flormar,313
Topface,https://shop.shajgoj.com/brand/topface,303
L'Oreal,https://shop.shajgoj.com/brand/loreal,290
Pastel,https://shop.shajgoj.com/brand/pastel,257
Nivea,https://shop.shajgoj.com/brand/nivea,236
Dove,https://shop.shajgoj.com/brand/dove,234
Technic,https://shop.shajgoj.com/brand/technic,205
Revlon,https://shop.shajgoj.com/brand/revlon,194
Pierre Cardin,https://shop.shajgoj.com/brand/pierre-cardin,163
Makeup Revolution,https://shop.shajgoj.com/brand/makeup-revolution,160
[SOME BY MI],https://shop.shajgoj.com/brand/some-by-mi,34
3W Clinic,https://shop.shajgoj.com/brand/3w-clinic,66
A-Bena,https://shop.shajgoj.com/brand/a-bena,2
Aarong Earth,https://shop.shajgoj.com/brand/aarong-earth,29
Abib,https://shop.shajgoj.com/brand/abib,1
Absolute New York,https://shop.shajgoj.com/brand/absolute-new-york,100
Absolute White,https://shop.shajgoj.com/brand/absolute-white,1
ACI Sandal,https://shop.shajgoj.com/brand/aci-sandal,2
Acne Essential,https://shop.shajgoj.com/brand/acne-essential,1
Acne Star,https://shop.shajgoj.com/brand/acne-star,2
Acnes,https://shop.shajgoj.com/brand/acnes,6
Acno,https://shop.shajgoj.com/brand/acno,1
Actisef,https://shop.shajgoj.com/brand/actisef,2
Acwell,https://shop.shajgoj.com/brand/acwell,1
Adidas,https://shop.shajgoj.com/brand/adidas,92
AER,https://shop.shajgoj.com/brand/aer,13
Airwick,https://shop.shajgoj.com/brand/airwick,3
Akij Daily,https://shop.shajgoj.com/brand/akij-daily,4
Al Haramain,https://shop.shajgoj.com/brand/al-haramain,19
Alfredo Feemas,https://shop.shajgoj.com/brand/alfredo-feemas,3
Alix Avien,https://shop.shajgoj.com/brand/alix-avien,117
Alpecin,https://shop.shajgoj.com/brand/alpecin,24
Always,https://shop.shajgoj.com/brand/always,4
Ambassador,https://shop.shajgoj.com/brand/ambassador,4
Amlaki,https://shop.shajgoj.com/brand/amlaki,44
Ammy,https://shop.shajgoj.com/brand/ammy,6
Amore,https://shop.shajgoj.com/brand/amore,3
Anafeli Paris,https://shop.shajgoj.com/brand/anafeli-paris,17
Angelic,https://shop.shajgoj.com/brand/angelic,11
Anmol,https://shop.shajgoj.com/brand/anmol,2
ANTONIO BANDERAS,https://shop.shajgoj.com/brand/antonio-banderas,4
AOA,https://shop.shajgoj.com/brand/aoa,14
Aquafresh,https://shop.shajgoj.com/brand/aquafresh,14
Aquaphor,https://shop.shajgoj.com/brand/aquaphor,3
Aquolina,https://shop.shajgoj.com/brand/aquolina,3
Aramis,https://shop.shajgoj.com/brand/aramis,1
Argeville,https://shop.shajgoj.com/brand/argeville,1
Aris,https://shop.shajgoj.com/brand/aris,9
Arm & Hammer,https://shop.shajgoj.com/brand/arm-hammer,1
Armaf,https://shop.shajgoj.com/brand/armaf,14
Armand Basi,https://shop.shajgoj.com/brand/armand-basi,1
Armani,https://shop.shajgoj.com/brand/armani,1
Armela,https://shop.shajgoj.com/brand/armela,51
aromer.,https://shop.shajgoj.com/brand/aromer,7
ASDA,https://shop.shajgoj.com/brand/asda,8
ASPO,https://shop.shajgoj.com/brand/aspo,1
Aspore,https://shop.shajgoj.com/brand/aspore,1
Astaberry,https://shop.shajgoj.com/brand/astaberry,7
Astra,https://shop.shajgoj.com/brand/astra,72
Astral,https://shop.shajgoj.com/brand/astral,5
Athena,https://shop.shajgoj.com/brand/athena,7
Aura,https://shop.shajgoj.com/brand/aura,2
Aveda,https://shop.shajgoj.com/brand/aveda,1
Aveeno,https://shop.shajgoj.com/brand/aveeno,128
Avene,https://shop.shajgoj.com/brand/avene-2,43
Avengers,https://shop.shajgoj.com/brand/avengers,1
Axe,https://shop.shajgoj.com/brand/axe,25
AXIS-Y,https://shop.shajgoj.com/brand/axis-y,3
Aztec Secret,https://shop.shajgoj.com/brand/aztec-secret,2
Azzaro,https://shop.shajgoj.com/brand/azzaro,9
B.Tech,https://shop.shajgoj.com/brand/b-tech,14
Baali,https://shop.shajgoj.com/brand/baali,7
Babe Laboratotios,https://shop.shajgoj.com/brand/babe-laboratotios,5
Bajaj,https://shop.shajgoj.com/brand/bajaj,8
Banila Co,https://shop.shajgoj.com/brand/banila-co,2
Barbie,https://shop.shajgoj.com/brand/barbie,1
Baroness,https://shop.shajgoj.com/brand/baroness,1
Basicare,https://shop.shajgoj.com/brand/basicare,2
Batiste,https://shop.shajgoj.com/brand/batiste,1
Bea You,https://shop.shajgoj.com/brand/bea-you,5
Beardo,https://shop.shajgoj.com/brand/beardo,29
BEAUA,https://shop.shajgoj.com/brand/beaua,4
Beaumyr,https://shop.shajgoj.com/brand/beaumyr,5
Beaute,https://shop.shajgoj.com/brand/beaute,13
Beauti4me,https://shop.shajgoj.com/brand/beauti4me,23
Beauty Care,https://shop.shajgoj.com/brand/beauty-care,2
Beauty Formulas,https://shop.shajgoj.com/brand/beauty-formulas,98
Beauty of Joseon,https://shop.shajgoj.com/brand/beauty-of-joseon,6
Becca,https://shop.shajgoj.com/brand/becca,7
Bee My Rose,https://shop.shajgoj.com/brand/bee-my-rose,5
Bellflower,https://shop.shajgoj.com/brand/bellflower,5
Benefit,https://shop.shajgoj.com/brand/benefit,7
Benetton,https://shop.shajgoj.com/brand/benetton,3
Beta Natural,https://shop.shajgoj.com/brand/beta-natural,2
Bettina,https://shop.shajgoj.com/brand/bettina,1
Beverly Hills Polo Club,https://shop.shajgoj.com/brand/beverly-hills-polo-club,18
BIC,https://shop.shajgoj.com/brand/bic,9
Bigen,https://shop.shajgoj.com/brand/bigen,1
Biluma,https://shop.shajgoj.com/brand/biluma,6
Bio Glow,https://shop.shajgoj.com/brand/bio-glow,3
Bio-Oil,https://shop.shajgoj.com/brand/bio-oil,4
Bioderma,https://shop.shajgoj.com/brand/bioderma,69
Biolage,https://shop.shajgoj.com/brand/biolage,1
Biore,https://shop.shajgoj.com/brand/biore,14
Biotique,https://shop.shajgoj.com/brand/biotique,40
BioWoman,https://shop.shajgoj.com/brand/biowoman,1
Birthday,https://shop.shajgoj.com/brand/birthday,1
Black Pearl,https://shop.shajgoj.com/brand/black-pearl,4
Blanc Elena,https://shop.shajgoj.com/brand/blanc-elena,1
Blaze O Skin,https://shop.shajgoj.com/brand/blaze-o-skin,14
Blumei,https://shop.shajgoj.com/brand/blumei,1
Body Dear,https://shop.shajgoj.com/brand/body-dear,5
Body Form,https://shop.shajgoj.com/brand/body-form,3
Bondi Sands,https://shop.shajgoj.com/brand/bondi-sands,1
BOOM DE AH DAH,https://shop.shajgoj.com/brand/boom-de-ah-dah,6
Boots,https://shop.shajgoj.com/brand/boots,89
Boroplus,https://shop.shajgoj.com/brand/boroplus,22
Botanics,https://shop.shajgoj.com/brand/botanics,6
Bragg,https://shop.shajgoj.com/brand/bragg,1
Breakoutaid,https://shop.shajgoj.com/brand/breakoutaid,1
Britney Spears,https://shop.shajgoj.com/brand/britney-spears,4
Bronx Colors,https://shop.shajgoj.com/brand/bronx-colors,106
BrushEgg,https://shop.shajgoj.com/brand/brushegg,5
Brushworks,https://shop.shajgoj.com/brand/brushworks,1
Brut,https://shop.shajgoj.com/brand/brut,3
Brylcreem,https://shop.shajgoj.com/brand/brylcreem,8
BSB Square,https://shop.shajgoj.com/brand/bsb-square,2
Bulldog,https://shop.shajgoj.com/brand/bulldog,1
Burberry,https://shop.shajgoj.com/brand/burberry,8
Burt's Bees,https://shop.shajgoj.com/brand/burts-bees,16
Bvlgari,https://shop.shajgoj.com/brand/bvlgari,6
By My Beard,https://shop.shajgoj.com/brand/by-my-beard,4
By Wishtrend,https://shop.shajgoj.com/brand/by-wishtrend,2
C-COV,https://shop.shajgoj.com/brand/c-cov,1
Cacharel,https://shop.shajgoj.com/brand/cacharel,1
Cala,https://shop.shajgoj.com/brand/cala,1
Calvin Klein,https://shop.shajgoj.com/brand/calvin-klein,38
Camay,https://shop.shajgoj.com/brand/camay,2
Camilla,https://shop.shajgoj.com/brand/camilla,1
Care Nel,https://shop.shajgoj.com/brand/care-nel,6
Carebeau,https://shop.shajgoj.com/brand/carebeau,1
Carex,https://shop.shajgoj.com/brand/carex,4
Caring,https://shop.shajgoj.com/brand/caring,6
Caring Hair Expert,https://shop.shajgoj.com/brand/caring-hair-expert,2
Carolina Herrera,https://shop.shajgoj.com/brand/carolina-herrera,19
Cartier,https://shop.shajgoj.com/brand/cartier,1
Cecilia,https://shop.shajgoj.com/brand/cecilia,8
celleos,https://shop.shajgoj.com/brand/celleos,1
Cerave,https://shop.shajgoj.com/brand/cerave,109
Cetaphil,https://shop.shajgoj.com/brand/cetaphil,87
Chanel,https://shop.shajgoj.com/brand/chanel,19
Chik,https://shop.shajgoj.com/brand/chik,19
Chloe,https://shop.shajgoj.com/brand/chloe,1
Chloe Nomade,https://shop.shajgoj.com/brand/chloe-nomade,1
Cholley,https://shop.shajgoj.com/brand/cholley,5
CHRIS ADAMS,https://shop.shajgoj.com/brand/chris-adams,15
Christian Dean,https://shop.shajgoj.com/brand/christian-dean,3
Christian Dior,https://shop.shajgoj.com/brand/christian-dior,6
Christian Gio Paris,https://shop.shajgoj.com/brand/christian-gio-paris,2
Cien,https://shop.shajgoj.com/brand/cien,2
Cif,https://shop.shajgoj.com/brand/cif,1
Cinthol,https://shop.shajgoj.com/brand/cinthol,4
City Color,https://shop.shajgoj.com/brand/city-color,1
Clariss,https://shop.shajgoj.com/brand/clariss,37
Clean & Clear,https://shop.shajgoj.com/brand/clean-clear,26
Clear,https://shop.shajgoj.com/brand/clear,32
Clear Men,https://shop.shajgoj.com/brand/clear-men,3
Clearasil,https://shop.shajgoj.com/brand/clearasil,4
Clinic Plus,https://shop.shajgoj.com/brand/clinic-plus,8
Clinique,https://shop.shajgoj.com/brand/clinique,46
Clinique Happy™,https://shop.shajgoj.com/brand/clinique-happy,2
CloseUp,https://shop.shajgoj.com/brand/closeup,11
Coach,https://shop.shajgoj.com/brand/coach,6
Colgate,https://shop.shajgoj.com/brand/colgate,39
Colormax,https://shop.shajgoj.com/brand/colormax,39
Colour Me,https://shop.shajgoj.com/brand/colour-me,15
ColourPop,https://shop.shajgoj.com/brand/colourpop,1
Comely,https://shop.shajgoj.com/brand/comely,6
Corsair,https://shop.shajgoj.com/brand/corsair,1
Corsodyl,https://shop.shajgoj.com/brand/corsodyl,4
Cos De Baha,https://shop.shajgoj.com/brand/cos-de-baha,7
Cosmo,https://shop.shajgoj.com/brand/cosmo,9
COSRX,https://shop.shajgoj.com/brand/cosrx,57
CoverGirl,https://shop.shajgoj.com/brand/covergirl,5
Coxir,https://shop.shajgoj.com/brand/coxir,21
Creacion,https://shop.shajgoj.com/brand/creacion,1
Creation Lamis,https://shop.shajgoj.com/brand/creation-lamis,3
Creightons,https://shop.shajgoj.com/brand/creightons,25
Crème 21,https://shop.shajgoj.com/brand/creme-21,8
Crest,https://shop.shajgoj.com/brand/crest,1
Cs Beauty,https://shop.shajgoj.com/brand/cs-beauty,4
Cuba,https://shop.shajgoj.com/brand/cuba,1
Cussons,https://shop.shajgoj.com/brand/cussons,13
Cuticura,https://shop.shajgoj.com/brand/cuticura,2
Cyclax,https://shop.shajgoj.com/brand/cyclax,2
DABO,https://shop.shajgoj.com/brand/dabo,13
DABUR,https://shop.shajgoj.com/brand/dabur,3
Dabur Almond,https://shop.shajgoj.com/brand/dabur-almond,5
Dabur Amla,https://shop.shajgoj.com/brand/dabur-amla,14
Dabur Gold,https://shop.shajgoj.com/brand/dabur-gold,7
Dabur Herb’l,https://shop.shajgoj.com/brand/dabur-herbl,4
Dabur Honey,https://shop.shajgoj.com/brand/dabur-honey,12
Dabur Meswak,https://shop.shajgoj.com/brand/dabur-meswak,6
Dabur Methi Amla,https://shop.shajgoj.com/brand/dabur-methi-amla,5
Dabur Red,https://shop.shajgoj.com/brand/dabur-red,11
Dabur Sanitize,https://shop.shajgoj.com/brand/dabur-sanitize,8
Dabur Vatika,https://shop.shajgoj.com/brand/dabur-vatika,45
Daily Defense,https://shop.shajgoj.com/brand/daily-defense,1
Dandroff,https://shop.shajgoj.com/brand/dandroff,1
David Beckham,https://shop.shajgoj.com/brand/david-beckham,18
Davidoff,https://shop.shajgoj.com/brand/davidoff,18
Daycell,https://shop.shajgoj.com/brand/daycell,2
Deep Fresh,https://shop.shajgoj.com/brand/deep-fresh,19
Delon,https://shop.shajgoj.com/brand/delon,33
Denim,https://shop.shajgoj.com/brand/denim,8
Dentol,https://shop.shajgoj.com/brand/dentol,1
Denver,https://shop.shajgoj.com/brand/denver,17
Dermalogika,https://shop.shajgoj.com/brand/dermalogika,3
Dermamate,https://shop.shajgoj.com/brand/dermamate,2
Dermav10,https://shop.shajgoj.com/brand/dermav10,11
Derskin,https://shop.shajgoj.com/brand/derskin,1
Dettol,https://shop.shajgoj.com/brand/dettol,62
Deve,https://shop.shajgoj.com/brand/deve,1
Dewy,https://shop.shajgoj.com/brand/dewy,1
Dheo Naturals,https://shop.shajgoj.com/brand/dheo-naturals,6
Didyu,https://shop.shajgoj.com/brand/didyu,1
Differin,https://shop.shajgoj.com/brand/differin,8
Dior,https://shop.shajgoj.com/brand/dior,7
Disney,https://shop.shajgoj.com/brand/disney,7
Divas Secret,https://shop.shajgoj.com/brand/divas-secret,17
DKNY,https://shop.shajgoj.com/brand/dkny,1
Dolce & Gabbana,https://shop.shajgoj.com/brand/dolce-gabbana,8
Dorado,https://shop.shajgoj.com/brand/dorado,14
Dorco,https://shop.shajgoj.com/brand/dorco,3
Dove,https://shop.shajgoj.com/brand/dove,234
Dr J's Skin Revive,https://shop.shajgoj.com/brand/dr-js-skin-revive,2
Dr. Haru,https://shop.shajgoj.com/brand/dr-haru,10
Dr. Hedison,https://shop.shajgoj.com/brand/dr-hedison,1
Dr.C Tuna,https://shop.shajgoj.com/brand/dr-c-tuna,56
Dr.Jart+,https://shop.shajgoj.com/brand/dr-jart,1
Dunhill,https://shop.shajgoj.com/brand/dunhill,20
Durex,https://shop.shajgoj.com/brand/durex,22
e.l.f.,https://shop.shajgoj.com/brand/e-l-f,3
E45,https://shop.shajgoj.com/brand/e45,7
Earth Beauty & You,https://shop.shajgoj.com/brand/earth-beauty-you,8
Ekel,https://shop.shajgoj.com/brand/ekel,12
Ela Vista,https://shop.shajgoj.com/brand/ela-vista,3
Elishacoy,https://shop.shajgoj.com/brand/elishacoy,1
Elizabeth Arden,https://shop.shajgoj.com/brand/elizabeth-arden,15
Emami,https://shop.shajgoj.com/brand/emami,41
EMBLA,https://shop.shajgoj.com/brand/embla,8
Enchanteur,https://shop.shajgoj.com/brand/enchanteur,59
Envy,https://shop.shajgoj.com/brand/envy,11
Escada,https://shop.shajgoj.com/brand/escada,3
Essence,https://shop.shajgoj.com/brand/essence,16
Etude House,https://shop.shajgoj.com/brand/etude-house,1
Eucerin,https://shop.shajgoj.com/brand/eucerin,53
Eva,https://shop.shajgoj.com/brand/eva,2
Eva Claire,https://shop.shajgoj.com/brand/eva-claire,2
Eveline,https://shop.shajgoj.com/brand/eveline,1
EVERGLOW,https://shop.shajgoj.com/brand/everglow,8
Everlove,https://shop.shajgoj.com/brand/everlove,2
Eversoft,https://shop.shajgoj.com/brand/eversoft,7
Everyuth,https://shop.shajgoj.com/brand/everyuth,9
Evoluderm,https://shop.shajgoj.com/brand/evoluderm,1
EXACTIVE EQ,https://shop.shajgoj.com/brand/exactive-eq,4
Explore,https://shop.shajgoj.com/brand/explore,6
Fa,https://shop.shajgoj.com/brand/fa,26
Fabrilife,https://shop.shajgoj.com/brand/fabrilife,31
Face Facts,https://shop.shajgoj.com/brand/face-facts,21
Fadeout,https://shop.shajgoj.com/brand/fadeout,14
FAH,https://shop.shajgoj.com/brand/fah,3
Fairever,https://shop.shajgoj.com/brand/fairever,1
Farm Stay,https://shop.shajgoj.com/brand/farm-stay,6
Farmasi,https://shop.shajgoj.com/brand/farmasi,108
Farsali,https://shop.shajgoj.com/brand/farsali,3
Fasderma India,https://shop.shajgoj.com/brand/fasderma-india,1
FCUK,https://shop.shajgoj.com/brand/fcuk,3
Febreze,https://shop.shajgoj.com/brand/febreze,2
Femfresh,https://shop.shajgoj.com/brand/femfresh,5
Femina,https://shop.shajgoj.com/brand/femina,2
Fenty Beauty,https://shop.shajgoj.com/brand/fenty-beauty,15
Fenyi,https://shop.shajgoj.com/brand/fenyi,28
Ferrari,https://shop.shajgoj.com/brand/ferrari,2
Finesse,https://shop.shajgoj.com/brand/finesse,5
Fing'rs,https://shop.shajgoj.com/brand/fingrs,3
Finorio,https://shop.shajgoj.com/brand/finorio,7
Fiorae,https://shop.shajgoj.com/brand/fiorae,1
Firefly,https://shop.shajgoj.com/brand/firefly,14
FLBWLES,https://shop.shajgoj.com/brand/flbwles,1
Flormar,https://shop.shajgoj.com/brand/flormar,313
Fluence Pharma Private Ltd.,https://shop.shajgoj.com/brand/fluence-pharma-private-ltd,1
Focallure,https://shop.shajgoj.com/brand/focallure,94
Fogg,https://shop.shajgoj.com/brand/fogg,62
Follow Me,https://shop.shajgoj.com/brand/follow-me,13
Foodaholic,https://shop.shajgoj.com/brand/foodaholic,1
FQD,https://shop.shajgoj.com/brand/fqd,1
Freedom,https://shop.shajgoj.com/brand/freedom,22
FREEMAN,https://shop.shajgoj.com/brand/freeman,18
Freshia,https://shop.shajgoj.com/brand/freshia,1
Freyias,https://shop.shajgoj.com/brand/freyias,58
Frsh,https://shop.shajgoj.com/brand/frsh,5
Fruiser,https://shop.shajgoj.com/brand/fruiser,41
Fruit of The Earth,https://shop.shajgoj.com/brand/fruit-of-the-earth,2
Gallop,https://shop.shajgoj.com/brand/gallop,1
Garden,https://shop.shajgoj.com/brand/garden,1
Garnier,https://shop.shajgoj.com/brand/garnier,114
GATSBY,https://shop.shajgoj.com/brand/gatsby,13
Gelatti,https://shop.shajgoj.com/brand/gelatti,1
Generio Japan,https://shop.shajgoj.com/brand/generio-japan,3
Germ Kill,https://shop.shajgoj.com/brand/germ-kill,1
GFORS,https://shop.shajgoj.com/brand/gfors,10
Gillette,https://shop.shajgoj.com/brand/gillette,139
Giorgio Armani,https://shop.shajgoj.com/brand/giorgio-armani,3
Givenchy,https://shop.shajgoj.com/brand/givenchy,1
Givenchy Play,https://shop.shajgoj.com/brand/givenchy-play,1
GK Hair,https://shop.shajgoj.com/brand/gk-hair,5
Glade,https://shop.shajgoj.com/brand/glade,8
GLO-ON,https://shop.shajgoj.com/brand/glo-on,15
Glow & Handsome,https://shop.shajgoj.com/brand/glow-handsome,5
Glow and Lovely,https://shop.shajgoj.com/brand/glow-and-lovely,23
Glowy,https://shop.shajgoj.com/brand/glowy,3
Glysoid,https://shop.shajgoj.com/brand/glysoid,3
Godrej,https://shop.shajgoj.com/brand/godrej,17
Godrej AER,https://shop.shajgoj.com/brand/godrej-aer,22
Godrej Expert,https://shop.shajgoj.com/brand/godrej-expert,9
Godrej No 1,https://shop.shajgoj.com/brand/godrej-no-1,24
Godrej Protekt,https://shop.shajgoj.com/brand/godrej-protekt,7
Gold Collection,https://shop.shajgoj.com/brand/gold-collection,1
Golecha,https://shop.shajgoj.com/brand/golecha,1
Goodal,https://shop.shajgoj.com/brand/goodal,1
Grace Day,https://shop.shajgoj.com/brand/grace-day,28
Green Facial,https://shop.shajgoj.com/brand/green-facial,1
Grip Unlimited,https://shop.shajgoj.com/brand/grip-unlimited,21
Groome,https://shop.shajgoj.com/brand/groome,80
Gucci,https://shop.shajgoj.com/brand/gucci,15
Guerniss,https://shop.shajgoj.com/brand/guerniss,138
Gulabari,https://shop.shajgoj.com/brand/gulabari,6
Gummy,https://shop.shajgoj.com/brand/gummy,9
HAAY,https://shop.shajgoj.com/brand/haay,7
Hafif,https://shop.shajgoj.com/brand/hafif,1
Hair Academy,https://shop.shajgoj.com/brand/hair-academy,6
Hair Code,https://shop.shajgoj.com/brand/hair-code,4
HairCode Egypt,https://shop.shajgoj.com/brand/haircode-egypt,1
Hairrow,https://shop.shajgoj.com/brand/hairrow,1
Hanzilian,https://shop.shajgoj.com/brand/hanzilian,3
Happy Bath,https://shop.shajgoj.com/brand/happy-bath,1
Havoc,https://shop.shajgoj.com/brand/havoc,2
Hawaa,https://shop.shajgoj.com/brand/hawaa,6
HB Factory,https://shop.shajgoj.com/brand/hb-factory,14
HE,https://shop.shajgoj.com/brand/he,22
Head And Shoulders,https://shop.shajgoj.com/brand/head-and-shoulders,73
Hello Teen,https://shop.shajgoj.com/brand/hello-teen,4
Hengda,https://shop.shajgoj.com/brand/hengda,1
Henna's,https://shop.shajgoj.com/brand/hennas,2
Herbal Essence,https://shop.shajgoj.com/brand/herbal-essence,74
Hermes,https://shop.shajgoj.com/brand/hermes,6
Hero,https://shop.shajgoj.com/brand/hero,1
Himalaya,https://shop.shajgoj.com/brand/himalaya,104
Himani,https://shop.shajgoj.com/brand/himani,6
HTS,https://shop.shajgoj.com/brand/hts,1
Hugo Boss,https://shop.shajgoj.com/brand/hugo-boss,19
I2,https://shop.shajgoj.com/brand/i2,6
Ilana,https://shop.shajgoj.com/brand/ilana,32
IMDK,https://shop.shajgoj.com/brand/imdk,2
Imperial,https://shop.shajgoj.com/brand/imperial,2
Imperial Leather,https://shop.shajgoj.com/brand/imperial-leather,1
Indica Easy,https://shop.shajgoj.com/brand/indica-easy,1
Indulekha,https://shop.shajgoj.com/brand/indulekha,1
Infinite Life,https://shop.shajgoj.com/brand/infinite-life,2
Infinite Love,https://shop.shajgoj.com/brand/infinite-love,22
Innisfree,https://shop.shajgoj.com/brand/innisfree,51
Invogue,https://shop.shajgoj.com/brand/invogue,1
Ireneda,https://shop.shajgoj.com/brand/ireneda,62
Irish,https://shop.shajgoj.com/brand/irish,2
Irish Spring,https://shop.shajgoj.com/brand/irish-spring,15
Irium,https://shop.shajgoj.com/brand/irium,3
Isntree,https://shop.shajgoj.com/brand/isntree,25
Issey Miyake,https://shop.shajgoj.com/brand/issey-miyake,3
Iunik,https://shop.shajgoj.com/brand/iunik,7
Ixir,https://shop.shajgoj.com/brand/ixir,2
J.cat Beauty,https://shop.shajgoj.com/brand/j-cat-beauty,27
Jagler,https://shop.shajgoj.com/brand/jagler,4
Jaguar,https://shop.shajgoj.com/brand/jaguar,7
JCAT,https://shop.shajgoj.com/brand/jcat,20
Jean Paul,https://shop.shajgoj.com/brand/jean-paul,3
Jennifer Lopez,https://shop.shajgoj.com/brand/jennifer-lopez,1
Jergens,https://shop.shajgoj.com/brand/jergens,19
Jiebang,https://shop.shajgoj.com/brand/jiebang,1
Jigott,https://shop.shajgoj.com/brand/jigott,15
Jimmy Choo,https://shop.shajgoj.com/brand/jimmy-choo,4
Jo Malone,https://shop.shajgoj.com/brand/jo-malone,2
Jocelyn,https://shop.shajgoj.com/brand/jocelyn,2
Johnson & Johnson,https://shop.shajgoj.com/brand/johnson-johnson,30
Johnson's,https://shop.shajgoj.com/brand/johnsons,63
Jolen,https://shop.shajgoj.com/brand/jolen,3
Jonaki,https://shop.shajgoj.com/brand/jonaki,12
Joop,https://shop.shajgoj.com/brand/joop,1
Jovan,https://shop.shajgoj.com/brand/jovan,2
Jovees,https://shop.shajgoj.com/brand/jovees,15
Joya,https://shop.shajgoj.com/brand/joya,10
JP,https://shop.shajgoj.com/brand/jp,1
JT 002,https://shop.shajgoj.com/brand/jt-002,1
Jui,https://shop.shajgoj.com/brand/jui,6
Juicy & Couture,https://shop.shajgoj.com/brand/juicy-couture,1
Juicy Couture,https://shop.shajgoj.com/brand/juicy-couture-2,1
Jumiso,https://shop.shajgoj.com/brand/jumiso,4
Jumper,https://shop.shajgoj.com/brand/jumper,1
Junmei,https://shop.shajgoj.com/brand/junmei,2
Just Cavalli,https://shop.shajgoj.com/brand/just-cavalli,1
Just For Baby,https://shop.shajgoj.com/brand/just-for-baby,8
Just For Men,https://shop.shajgoj.com/brand/just-for-men,6
K.Brothers,https://shop.shajgoj.com/brand/k-brothers,1
Kamasutra,https://shop.shajgoj.com/brand/kamasutra,9
Kaminomoto,https://shop.shajgoj.com/brand/kaminomoto,2
Kaveri,https://shop.shajgoj.com/brand/kaveri,3
Keli,https://shop.shajgoj.com/brand/keli,9
Kelyn,https://shop.shajgoj.com/brand/kelyn,23
Kemei,https://shop.shajgoj.com/brand/kemei,24
Kenneth Cole,https://shop.shajgoj.com/brand/kenneth-cole,1
Kerasys,https://shop.shajgoj.com/brand/kerasys,1
Keri,https://shop.shajgoj.com/brand/keri,3
Kesh King,https://shop.shajgoj.com/brand/kesh-king,9
Keune,https://shop.shajgoj.com/brand/keune,6
Keya Seth,https://shop.shajgoj.com/brand/keya-seth,15
Keya Seth's,https://shop.shajgoj.com/brand/keya-seths,2
Kissera,https://shop.shajgoj.com/brand/kissera,2
KODOMO,https://shop.shajgoj.com/brand/kodomo,53
Koelcia,https://shop.shajgoj.com/brand/koelcia,34
Kokomo,https://shop.shajgoj.com/brand/kokomo,3
Kolombo,https://shop.shajgoj.com/brand/kolombo,3
Konsung Beauty,https://shop.shajgoj.com/brand/konsung-beauty,2
Kool,https://shop.shajgoj.com/brand/kool,11
Kosmedica,https://shop.shajgoj.com/brand/kosmedica,1
Krasna,https://shop.shajgoj.com/brand/krasna,3
Kryolan,https://shop.shajgoj.com/brand/kryolan,19
Kumano Cosmetics,https://shop.shajgoj.com/brand/kumano-cosmetics,13
Kumarika,https://shop.shajgoj.com/brand/kumarika,12
Kwailnara,https://shop.shajgoj.com/brand/kwailnara,3
Kynect,https://shop.shajgoj.com/brand/kynect,1
L.A. Colors,https://shop.shajgoj.com/brand/l-a-colors,1
L.A. Girl,https://shop.shajgoj.com/brand/l-a-girl,98
L.O.L Surprise,https://shop.shajgoj.com/brand/l-o-l-surprise,1
L'Oreal,https://shop.shajgoj.com/brand/loreal,290
La Femme,https://shop.shajgoj.com/brand/la-femme,1
La Ginny,https://shop.shajgoj.com/brand/la-ginny,12
La Muse,https://shop.shajgoj.com/brand/la-muse,3
La Pureve,https://shop.shajgoj.com/brand/la-pureve,1
LA Roche-Posay,https://shop.shajgoj.com/brand/la-roche-posay,40
LA Splash,https://shop.shajgoj.com/brand/la-splash,5
Labello,https://shop.shajgoj.com/brand/labello,3
LABONNO,https://shop.shajgoj.com/brand/labonno,24
Lacoste,https://shop.shajgoj.com/brand/lacoste,6
Lady Butterfly,https://shop.shajgoj.com/brand/lady-butterfly,11
Lafz,https://shop.shajgoj.com/brand/lafz,111
Laikou,https://shop.shajgoj.com/brand/laikou,70
Lakme,https://shop.shajgoj.com/brand/lakme,32
Lancome,https://shop.shajgoj.com/brand/lancome,1
Laneige,https://shop.shajgoj.com/brand/laneige,3
LANVIN,https://shop.shajgoj.com/brand/lanvin,2
Laoliva,https://shop.shajgoj.com/brand/laoliva,3
LaoMuGong,https://shop.shajgoj.com/brand/laomugong,2
Laser,https://shop.shajgoj.com/brand/laser,2
Laser II,https://shop.shajgoj.com/brand/laser-ii,1
Lauder,https://shop.shajgoj.com/brand/lauder,1
Lavino,https://shop.shajgoj.com/brand/lavino,25
Layer'r,https://shop.shajgoj.com/brand/layerr,18
LE SULTAN D'ALEP,https://shop.shajgoj.com/brand/le-sultan-dalep,1
Lebelage,https://shop.shajgoj.com/brand/lebelage,33
Liangjie,https://shop.shajgoj.com/brand/liangjie,6
Lifebuoy,https://shop.shajgoj.com/brand/lifebuoy,29
Ligion,https://shop.shajgoj.com/brand/ligion,26
LIL'AFIX,https://shop.shajgoj.com/brand/lilafix,7
LILAC,https://shop.shajgoj.com/brand/lilac,16
Lipton,https://shop.shajgoj.com/brand/lipton,2
LISTERINE,https://shop.shajgoj.com/brand/listerine,17
Listerine Reach,https://shop.shajgoj.com/brand/listerine-reach,4
Livon,https://shop.shajgoj.com/brand/livon,24
LJGO,https://shop.shajgoj.com/brand/ljgo,1
LMLTOP,https://shop.shajgoj.com/brand/lmltop,6
Lois Chloe,https://shop.shajgoj.com/brand/lois-chloe,37
Lol,https://shop.shajgoj.com/brand/lol,1
Lolane,https://shop.shajgoj.com/brand/lolane,1
Lollis,https://shop.shajgoj.com/brand/lollis,118
Lotus Herbal,https://shop.shajgoj.com/brand/lotus-herbal,32
Love Beauty and Planet,https://shop.shajgoj.com/brand/love-beauty-and-planet,4
Lovely Romance,https://shop.shajgoj.com/brand/lovely-romance,1
Lubriderm,https://shop.shajgoj.com/brand/lubriderm,2
Lucy,https://shop.shajgoj.com/brand/lucy,10
Luna Cosmetics,https://shop.shajgoj.com/brand/luna-cosmetics,3
LUVS,https://shop.shajgoj.com/brand/luvs,1
LUX,https://shop.shajgoj.com/brand/lux,30
Lynx,https://shop.shajgoj.com/brand/lynx,4
M.A.C,https://shop.shajgoj.com/brand/m-a-c,8
Macleans,https://shop.shajgoj.com/brand/macleans,1
Magic,https://shop.shajgoj.com/brand/magic,4
Makeup Revolution,https://shop.shajgoj.com/brand/makeup-revolution,160
Malibu,https://shop.shajgoj.com/brand/malibu,1
Mamaearth,https://shop.shajgoj.com/brand/mamaearth,102
Manforce,https://shop.shajgoj.com/brand/manforce,22
Marc Jacobs,https://shop.shajgoj.com/brand/marc-jacobs,2
Marks and Spencer,https://shop.shajgoj.com/brand/marks-and-spencer,11
Marvel,https://shop.shajgoj.com/brand/marvel,1
Maryaj,https://shop.shajgoj.com/brand/maryaj,11
Matrix,https://shop.shajgoj.com/brand/matrix,14
May Island,https://shop.shajgoj.com/brand/may-island,1
Maya,https://shop.shajgoj.com/brand/maya,2
Maybelline,https://shop.shajgoj.com/brand/maybelline,145
McCons,https://shop.shajgoj.com/brand/mccons,1
Med B,https://shop.shajgoj.com/brand/med-b,1
Mederma,https://shop.shajgoj.com/brand/mederma,5
Medibeau,https://shop.shajgoj.com/brand/medibeau,5
MEDICA,https://shop.shajgoj.com/brand/medica,1
Medica Tech limited,https://shop.shajgoj.com/brand/medica-tech-limited,7
MediFlower,https://shop.shajgoj.com/brand/mediflower,1
Mediker,https://shop.shajgoj.com/brand/mediker,5
Mediker SafeLife,https://shop.shajgoj.com/brand/mediker-safelife,11
Meilin,https://shop.shajgoj.com/brand/meilin,8
Mercedes Benz,https://shop.shajgoj.com/brand/mercedes-benz,2
Meril,https://shop.shajgoj.com/brand/meril,39
Mielle,https://shop.shajgoj.com/brand/mielle,1
Milani,https://shop.shajgoj.com/brand/milani,48
Minerva,https://shop.shajgoj.com/brand/minerva,2
Miss & Mrs,https://shop.shajgoj.com/brand/miss-mrs,44
Miss Ashley,https://shop.shajgoj.com/brand/miss-ashley,1
Missha,https://shop.shajgoj.com/brand/missha,35
Mistine,https://shop.shajgoj.com/brand/mistine,2
Mitvana,https://shop.shajgoj.com/brand/mitvana,18
Mixueer,https://shop.shajgoj.com/brand/mixueer,1
Miyako,https://shop.shajgoj.com/brand/miyako,2
Moda,https://shop.shajgoj.com/brand/moda,2
Mont Blanc,https://shop.shajgoj.com/brand/mont-blanc,15
Morfose,https://shop.shajgoj.com/brand/morfose,3
Mothercare,https://shop.shajgoj.com/brand/mothercare,9
Mozer,https://shop.shajgoj.com/brand/mozer,3
Mr.Cool,https://shop.shajgoj.com/brand/mr-cool,1
Mumtaz Herbal,https://shop.shajgoj.com/brand/mumtaz-herbal,20
Nacific,https://shop.shajgoj.com/brand/nacific,13
NAGANO,https://shop.shajgoj.com/brand/nagano,32
Nair,https://shop.shajgoj.com/brand/nair,14
Natura Siberica,https://shop.shajgoj.com/brand/natura-siberica,1
Natural & Soft,https://shop.shajgoj.com/brand/natural-soft,1
Natural Beauty,https://shop.shajgoj.com/brand/natural-beauty,2
Natural World,https://shop.shajgoj.com/brand/natural-world,2
Nature Republic,https://shop.shajgoj.com/brand/nature-republic,19
Nature's Response,https://shop.shajgoj.com/brand/natures-response,2
Nautica,https://shop.shajgoj.com/brand/nautica,8
Neem Original,https://shop.shajgoj.com/brand/neem-original,5
Nefoume,https://shop.shajgoj.com/brand/nefoume,1
Neha,https://shop.shajgoj.com/brand/neha,7
Neko Mao,https://shop.shajgoj.com/brand/neko-mao,3
Neofarmers,https://shop.shajgoj.com/brand/neofarmers,26
Neogen,https://shop.shajgoj.com/brand/neogen,73
Neogence,https://shop.shajgoj.com/brand/neogence,42
Neutrogena,https://shop.shajgoj.com/brand/neutrogena,124
NICKA K,https://shop.shajgoj.com/brand/nicka-k,376
Nihar,https://shop.shajgoj.com/brand/nihar,2
Nihar Naturals,https://shop.shajgoj.com/brand/nihar-naturals,9
Nina Ricci,https://shop.shajgoj.com/brand/nina-ricci,1
Ninja,https://shop.shajgoj.com/brand/ninja,8
NIOBE,https://shop.shajgoj.com/brand/niobe,1
NIOR,https://shop.shajgoj.com/brand/nior,56
Nirvana Color,https://shop.shajgoj.com/brand/nirvana-color,86
Nivea,https://shop.shajgoj.com/brand/nivea,236
Nivea Men,https://shop.shajgoj.com/brand/nivea-men,3
Nizoral,https://shop.shajgoj.com/brand/nizoral,2
No7,https://shop.shajgoj.com/brand/no7,5
Not Guilty,https://shop.shajgoj.com/brand/not-guilty,3
Note,https://shop.shajgoj.com/brand/note,124
NutraAir,https://shop.shajgoj.com/brand/nutraair,13
Nutrafix,https://shop.shajgoj.com/brand/nutrafix,5
NUVO,https://shop.shajgoj.com/brand/nuvo,1
Nyle,https://shop.shajgoj.com/brand/nyle,6
Odomos,https://shop.shajgoj.com/brand/odomos,7
Odonil,https://shop.shajgoj.com/brand/odonil,43
OGX,https://shop.shajgoj.com/brand/ogx,63
Olay,https://shop.shajgoj.com/brand/olay,85
Old Spice,https://shop.shajgoj.com/brand/old-spice,11
OLIVE,https://shop.shajgoj.com/brand/olive,3
Omuda,https://shop.shajgoj.com/brand/omuda,3
OPV,https://shop.shajgoj.com/brand/opv,1
Oral-B,https://shop.shajgoj.com/brand/oral-b,40
Organikaon,https://shop.shajgoj.com/brand/organikaon,28
Organikare,https://shop.shajgoj.com/brand/organikare,41
Orientica,https://shop.shajgoj.com/brand/orientica,20
Original Source,https://shop.shajgoj.com/brand/original-source,2
Origins,https://shop.shajgoj.com/brand/origins,1
Osenjie,https://shop.shajgoj.com/brand/osenjie,1
Oshea Herbals,https://shop.shajgoj.com/brand/oshea-herbals,62
Osiris Avise,https://shop.shajgoj.com/brand/osiris-avise,1
Ossum,https://shop.shajgoj.com/brand/ossum,19
OXY,https://shop.shajgoj.com/brand/oxy,8
OYUMEA,https://shop.shajgoj.com/brand/oyumea,15
Paco Rabanne,https://shop.shajgoj.com/brand/paco-rabanne,18
PALMER'S,https://shop.shajgoj.com/brand/palmers,34
Palmolive,https://shop.shajgoj.com/brand/palmolive,18
Panam Care,https://shop.shajgoj.com/brand/panam-care,3
PanOxyl,https://shop.shajgoj.com/brand/panoxyl,1
Pantene,https://shop.shajgoj.com/brand/pantene,99
Panther,https://shop.shajgoj.com/brand/panther,2
Parachute,https://shop.shajgoj.com/brand/parachute,31
Parachute Advansed,https://shop.shajgoj.com/brand/parachute-advansed,20
Parachute Just for Baby,https://shop.shajgoj.com/brand/parachute-just-for-baby,26
Parachute Naturale,https://shop.shajgoj.com/brand/parachute-naturale,65
Parachute SkinPure,https://shop.shajgoj.com/brand/parachute-skinpure,78
Paris Collection's,https://shop.shajgoj.com/brand/paris-collections,2
Paris Hilton,https://shop.shajgoj.com/brand/paris-hilton,2
Park Avenue,https://shop.shajgoj.com/brand/park-avenue,15
Parlour,https://shop.shajgoj.com/brand/parlour,58
Parodontax,https://shop.shajgoj.com/brand/parodontax,6
Pastel,https://shop.shajgoj.com/brand/pastel,257
Paula's Choice,https://shop.shajgoj.com/brand/paulas-choice,1
Paw Patrol,https://shop.shajgoj.com/brand/paw-patrol,1
Pax Moly,https://shop.shajgoj.com/brand/pax-moly,17
Paxmoly,https://shop.shajgoj.com/brand/paxmoly,26
Peach,https://shop.shajgoj.com/brand/peach,2
Pearl,https://shop.shajgoj.com/brand/pearl,14
Pearl Drops,https://shop.shajgoj.com/brand/pearl-drops,2
Pears,https://shop.shajgoj.com/brand/pears,6
Pepsodent,https://shop.shajgoj.com/brand/pepsodent,17
Perfecta,https://shop.shajgoj.com/brand/perfecta,1
Pielor,https://shop.shajgoj.com/brand/pielor,1
Pierre Cardin,https://shop.shajgoj.com/brand/pierre-cardin,163
PINKFLASH,https://shop.shajgoj.com/brand/pinkflash,119
PIXI,https://shop.shajgoj.com/brand/pixi,7
Pond's,https://shop.shajgoj.com/brand/ponds,100
Porcelana,https://shop.shajgoj.com/brand/porcelana,3
Powecom,https://shop.shajgoj.com/brand/powecom,1
Power Knight,https://shop.shajgoj.com/brand/power-knight,2
Prada,https://shop.shajgoj.com/brand/prada,1
Prem Dulhan,https://shop.shajgoj.com/brand/prem-dulhan,3
Prestige,https://shop.shajgoj.com/brand/prestige,6
Pretty,https://shop.shajgoj.com/brand/pretty,2
Pretty skin,https://shop.shajgoj.com/brand/pretty-skin,2
Prisma,https://shop.shajgoj.com/brand/prisma,1
Pro Wax,https://shop.shajgoj.com/brand/pro-wax,1
Provoke,https://shop.shajgoj.com/brand/provoke,6
PSK,https://shop.shajgoj.com/brand/psk,2
Pure Ground,https://shop.shajgoj.com/brand/pure-ground,6
Purito,https://shop.shajgoj.com/brand/purito,12
Pyunkang Yul,https://shop.shajgoj.com/brand/pyunkang-yul,1
Qianlili,https://shop.shajgoj.com/brand/qianlili,1
Radox,https://shop.shajgoj.com/brand/radox,6
Rajkonna,https://shop.shajgoj.com/brand/rajkonna,26
Ralph Lauren,https://shop.shajgoj.com/brand/ralph-lauren,5
RASASI,https://shop.shajgoj.com/brand/rasasi,17
Rave,https://shop.shajgoj.com/brand/rave,2
Raxoll,https://shop.shajgoj.com/brand/raxoll,4
Raymond,https://shop.shajgoj.com/brand/raymond,6
Real Techniques,https://shop.shajgoj.com/brand/real-techniques,17
Realman,https://shop.shajgoj.com/brand/realman,6
Red Hunt,https://shop.shajgoj.com/brand/red-hunt,3
Red King,https://shop.shajgoj.com/brand/red-king,9
Reen Yungo,https://shop.shajgoj.com/brand/reen-yungo,1
Remington,https://shop.shajgoj.com/brand/remington,31
Remy,https://shop.shajgoj.com/brand/remy,1
Revive,https://shop.shajgoj.com/brand/revive,8
Revlon,https://shop.shajgoj.com/brand/revlon,194
Revolution,https://shop.shajgoj.com/brand/revolution,8
Revox,https://shop.shajgoj.com/brand/revox,13
Revuele,https://shop.shajgoj.com/brand/revuele,1
Rexona,https://shop.shajgoj.com/brand/rexona,19
Rexri,https://shop.shajgoj.com/brand/rexri,1
RIBANA,https://shop.shajgoj.com/brand/ribana,19
Rikang,https://shop.shajgoj.com/brand/rikang,1
Rimmel,https://shop.shajgoj.com/brand/rimmel,2
Rin,https://shop.shajgoj.com/brand/rin,3
RiRe,https://shop.shajgoj.com/brand/rire,7
Roc,https://shop.shajgoj.com/brand/roc,1
Romano,https://shop.shajgoj.com/brand/romano,3
Rongdhonu,https://shop.shajgoj.com/brand/rongdhonu,63
Rongon Herbals,https://shop.shajgoj.com/brand/rongon-herbals,95
RS,https://shop.shajgoj.com/brand/rs,7
Rudude,https://shop.shajgoj.com/brand/rudude,1
Ryo,https://shop.shajgoj.com/brand/ryo,2
SABA,https://shop.shajgoj.com/brand/saba,5
Saffola,https://shop.shajgoj.com/brand/saffola,7
Safi,https://shop.shajgoj.com/brand/safi,1
Sanfilo Pharma,https://shop.shajgoj.com/brand/sanfilo-pharma,5
Sarin's Store,https://shop.shajgoj.com/brand/sarins-store,36
Savlon,https://shop.shajgoj.com/brand/savlon,32
Schick,https://shop.shajgoj.com/brand/schick,4
Scholl,https://shop.shajgoj.com/brand/scholl,1
Schwarzkopf,https://shop.shajgoj.com/brand/schwarzkopf,28
Sea Color,https://shop.shajgoj.com/brand/sea-color,14
Sebamed,https://shop.shajgoj.com/brand/sebamed,37
Secret,https://shop.shajgoj.com/brand/secret,1
Secret Key,https://shop.shajgoj.com/brand/secret-key,1
Secret Temptation,https://shop.shajgoj.com/brand/secret-temptation,10
Select Plus,https://shop.shajgoj.com/brand/select-plus,2
Selsun Blue,https://shop.shajgoj.com/brand/selsun-blue,11
Senora,https://shop.shajgoj.com/brand/senora,16
Sensation,https://shop.shajgoj.com/brand/sensation,3
SENSODYNE,https://shop.shajgoj.com/brand/sensodyne,50
Sephora,https://shop.shajgoj.com/brand/sephora,2
Sepnil,https://shop.shajgoj.com/brand/sepnil,21
Sesa,https://shop.shajgoj.com/brand/sesa,17
Set Wet,https://shop.shajgoj.com/brand/set-wet,17
Sewha,https://shop.shajgoj.com/brand/sewha,1
Shajgoj,https://shop.shajgoj.com/brand/shajgoj,7
She,https://shop.shajgoj.com/brand/she,30
Sheuly,https://shop.shajgoj.com/brand/sheuly,1
Shikioriori,https://shop.shajgoj.com/brand/shikioriori,1
Shiseido,https://shop.shajgoj.com/brand/shiseido,3
Shoi,https://shop.shajgoj.com/brand/shoi,18
Shufang,https://shop.shajgoj.com/brand/shufang,1
Signal,https://shop.shajgoj.com/brand/signal,1
Simple,https://shop.shajgoj.com/brand/simple,49
Simply,https://shop.shajgoj.com/brand/simply,3
Sinoz,https://shop.shajgoj.com/brand/sinoz,16
Siodil,https://shop.shajgoj.com/brand/siodil,12
Skin Academy,https://shop.shajgoj.com/brand/skin-academy,14
skin cafe,https://shop.shajgoj.com/brand/skin-cafe,38
Skin Treats,https://shop.shajgoj.com/brand/skin-treats,1
SKIN&LAB,https://shop.shajgoj.com/brand/skinlab,2
Skin79,https://shop.shajgoj.com/brand/skin79,3
SKINFOOD,https://shop.shajgoj.com/brand/skinfood,131
Skinpro,https://shop.shajgoj.com/brand/skinpro,9
Sleek,https://shop.shajgoj.com/brand/sleek,1
smashbox,https://shop.shajgoj.com/brand/smashbox,6
SMC,https://shop.shajgoj.com/brand/smc,2
Snake Brand,https://shop.shajgoj.com/brand/snake-brand,2
Snapkin,https://shop.shajgoj.com/brand/snapkin,2
Soap and Glory,https://shop.shajgoj.com/brand/soap-and-glory,8
Soema,https://shop.shajgoj.com/brand/soema,5
Sofy,https://shop.shajgoj.com/brand/sofy,11
Sokany,https://shop.shajgoj.com/brand/sokany,1
Soleaf,https://shop.shajgoj.com/brand/soleaf,1
Spa Secrets,https://shop.shajgoj.com/brand/spa-secrets,2
Span Oliva,https://shop.shajgoj.com/brand/span-oliva,4
Spinbrush,https://shop.shajgoj.com/brand/spinbrush,1
Spring,https://shop.shajgoj.com/brand/spring,4
SS International,https://shop.shajgoj.com/brand/ss-international,1
ST. Ives,https://shop.shajgoj.com/brand/st-ives,52
Stay Safe,https://shop.shajgoj.com/brand/stay-safe,1
Stayfree,https://shop.shajgoj.com/brand/stayfree,1
Streax,https://shop.shajgoj.com/brand/streax,39
Streax Insta,https://shop.shajgoj.com/brand/streax-insta,2
Street Wear,https://shop.shajgoj.com/brand/street-wear,22
Studio X,https://shop.shajgoj.com/brand/studio-x,52
Suave,https://shop.shajgoj.com/brand/suave,3
Sudocrem,https://shop.shajgoj.com/brand/sudocrem,3
Sunny Isle,https://shop.shajgoj.com/brand/sunny-isle,5
Sunsilk,https://shop.shajgoj.com/brand/sunsilk,59
Superdrug,https://shop.shajgoj.com/brand/superdrug,24
Surf Excel,https://shop.shajgoj.com/brand/surf-excel,5
T-Zone,https://shop.shajgoj.com/brand/t-zone,1
Tabac,https://shop.shajgoj.com/brand/tabac,6
Tampax,https://shop.shajgoj.com/brand/tampax,14
TAYLOR of LONDON,https://shop.shajgoj.com/brand/taylor-of-london,4
Technic,https://shop.shajgoj.com/brand/technic,205
Tena,https://shop.shajgoj.com/brand/tena,4
Tesco,https://shop.shajgoj.com/brand/tesco,2
Thank You Farmer,https://shop.shajgoj.com/brand/thank-you-farmer,13
The Accessory,https://shop.shajgoj.com/brand/the-accessory,1
The Balm,https://shop.shajgoj.com/brand/the-balm,9
The Body Shop,https://shop.shajgoj.com/brand/the-body-shop,315
The Coconut Company,https://shop.shajgoj.com/brand/the-coconut-company,1
The Crème Shop,https://shop.shajgoj.com/brand/the-creme-shop,2
The Face Shop,https://shop.shajgoj.com/brand/the-face-shop,9
The Inkey List,https://shop.shajgoj.com/brand/the-inkey-list,2
The Man Company,https://shop.shajgoj.com/brand/the-man-company,13
The Ordinary,https://shop.shajgoj.com/brand/the-ordinary,32
This is She,https://shop.shajgoj.com/brand/this-is-she,10
TIA'M,https://shop.shajgoj.com/brand/tiam,16
Tocobo,https://shop.shajgoj.com/brand/tocobo,3
Tom & Darin,https://shop.shajgoj.com/brand/tom-darin,13
Tom Ford,https://shop.shajgoj.com/brand/tom-ford,1
Tommy Girl,https://shop.shajgoj.com/brand/tommy-girl,2
Tommy Hilfiger,https://shop.shajgoj.com/brand/tommy-hilfiger,4
TONI & GUY,https://shop.shajgoj.com/brand/toni-guy,1
TONYMOLY,https://shop.shajgoj.com/brand/tonymoly,27
Topface,https://shop.shajgoj.com/brand/topface,303
TopGrain,https://shop.shajgoj.com/brand/topgrain,5
Tresemme,https://shop.shajgoj.com/brand/tresemme,140
Trifola,https://shop.shajgoj.com/brand/trifola,10
Truce,https://shop.shajgoj.com/brand/truce,3
TTM,https://shop.shajgoj.com/brand/ttm,28
Turaag Active,https://shop.shajgoj.com/brand/turaag-active,32
Twinkle,https://shop.shajgoj.com/brand/twinkle,7
U & Me,https://shop.shajgoj.com/brand/u-me,2
Ujjawala Care,https://shop.shajgoj.com/brand/ujjawala-care,11
Umbro,https://shop.shajgoj.com/brand/umbro,2
United Colors Of Benetton,https://shop.shajgoj.com/brand/united-colors-of-benetton,24
unpa,https://shop.shajgoj.com/brand/unpa,2
V&G,https://shop.shajgoj.com/brand/vg,9
Valencia Gio,https://shop.shajgoj.com/brand/valencia-gio,8
Valene,https://shop.shajgoj.com/brand/valene,86
Vanesa,https://shop.shajgoj.com/brand/vanesa,2
Vanicream,https://shop.shajgoj.com/brand/vanicream,12
Vaseline,https://shop.shajgoj.com/brand/vaseline,85
Vasmol,https://shop.shajgoj.com/brand/vasmol,11
Vatika,https://shop.shajgoj.com/brand/vatika,26
Veet,https://shop.shajgoj.com/brand/veet,28
Venus,https://shop.shajgoj.com/brand/venus,5
Versace,https://shop.shajgoj.com/brand/versace,4
VGR,https://shop.shajgoj.com/brand/vgr,2
Victoria's Secret,https://shop.shajgoj.com/brand/victorias-secret,82
Vigor,https://shop.shajgoj.com/brand/vigor,2
Viktor & Rolf,https://shop.shajgoj.com/brand/viktor-rolf,2
Virginia Green Garden,https://shop.shajgoj.com/brand/virginia-green-garden,2
Vita Coco,https://shop.shajgoj.com/brand/vita-coco,1
Vivace,https://shop.shajgoj.com/brand/vivace,1
VLCC,https://shop.shajgoj.com/brand/vlcc,15
VO5,https://shop.shajgoj.com/brand/vo5,2
W. Skin Laboratory,https://shop.shajgoj.com/brand/w-skin-laboratory,3
W7,https://shop.shajgoj.com/brand/w7,79
WAHL,https://shop.shajgoj.com/brand/wahl,13
Waist Twisting,https://shop.shajgoj.com/brand/waist-twisting,3
Wardah,https://shop.shajgoj.com/brand/wardah,1
Watsons,https://shop.shajgoj.com/brand/watsons,3
Wazih Organic,https://shop.shajgoj.com/brand/wazih-organic,84
Wella,https://shop.shajgoj.com/brand/wella,1
Wells,https://shop.shajgoj.com/brand/wells,5
Weston,https://shop.shajgoj.com/brand/weston,1
Wet n wild,https://shop.shajgoj.com/brand/wet-n-wild,136
Whisper,https://shop.shajgoj.com/brand/whisper,41
White Plus,https://shop.shajgoj.com/brand/white-plus,3
White Tone,https://shop.shajgoj.com/brand/white-tone,7
Wild Stone,https://shop.shajgoj.com/brand/wild-stone,23
Wisdom,https://shop.shajgoj.com/brand/wisdom,4
Woman's World,https://shop.shajgoj.com/brand/womans-world,19
WOW,https://shop.shajgoj.com/brand/wow,106
X-Men,https://shop.shajgoj.com/brand/x-men,5
Xaivita,https://shop.shajgoj.com/brand/xaivita,3
XBC,https://shop.shajgoj.com/brand/xbc,2
XHC,https://shop.shajgoj.com/brand/xhc,1
Xpel,https://shop.shajgoj.com/brand/xpel,54
Xtreme,https://shop.shajgoj.com/brand/xtreme,3
Yardley London,https://shop.shajgoj.com/brand/yardley-london,32
YC,https://shop.shajgoj.com/brand/yc,77
YHK,https://shop.shajgoj.com/brand/yhk,1
Yizhilian,https://shop.shajgoj.com/brand/yizhilian,1
Yoga Wear,https://shop.shajgoj.com/brand/yoga-wear,1
YOUR VEGAN,https://shop.shajgoj.com/brand/your-vegan,4
Yusera,https://shop.shajgoj.com/brand/yusera,27
Yves Saint Laurent,https://shop.shajgoj.com/brand/yves-saint-laurent,1
Zanash,https://shop.shajgoj.com/brand/zanash,9
Zandu,https://shop.shajgoj.com/brand/zandu,1
Zayn & Myza,https://shop.shajgoj.com/brand/zayn-myza,66
Zazie,https://shop.shajgoj.com/brand/zazie,4
Zenzia,https://shop.shajgoj.com/brand/zenzia,1
Ziaja,https://shop.shajgoj.com/brand/ziaja,49